{"cameraMode":{"drawMode":0,"name":"Shaded","section":"Shading Mode"},"sceneLighting":true,"audioPlay":false,"sceneViewState":{"showFog":true,"showMaterialUpdate":false,"showSkybox":true,"showFlares":true,"showImageEffects":true,"showParticleSystems":true},"in2DMode":false,"pivot":{"x":992.829345703125,"y":235.22686767578126,"z":-8.75},"rotation":{"x":-0.06774195283651352,"y":0.021546028554439546,"z":-0.001463311375118792,"w":-0.9974685907363892},"size":411.49908447265627,"orthographic":true}